ENTREZ	SYMB
57674	RNF213
5822	PWP2
57488	ESYT2
219541	MED19
23074	UHRF1BP1L
92312	MEX3A
10994	ILVBL
51594	NBAS
23078	VWA8
55206	SBNO1
23019	CNOT1
285636	C5orf51
345630	FBLL1
23347	SMCHD1
196074	METTL15
317762	CCDC85C
100101267	POM121C
9883	POM121
284069	FAM171A2
4649	MYO9A
51463	GPR89B
653519	GPR89A
4666	NACA
102288414	C11orf98
23211	ZC3H4
3796	KIF2A
10212	DDX39A
9124	PDLIM1
11332	ACOT7
4641	MYO1C
10456	HAX1
9049	AIP
9567	GTPBP1
6814	STXBP3
421	ARVCF
8546	AP3B1
5717	PSMD11
5718	PSMD12
4221	MEN1
6829	SUPT5H
6874	TAF4
1192	CLIC1
8665	EIF3F
5293	PIK3CD
9197	SLC33A1
3843	IPO5
5442	POLRMT
10643	IGF2BP3
10059	DNM1L
8634	RTCA
5286	PIK3C2A
10640	EXOC5
10213	PSMD14
3839	KPNA3
23481	PES1
6386	SDCBP
10199	MPHOSPH10
10528	NOP56
1654	DDX3X
8653	DDX3Y
3840	KPNA4
5537	PPP6C
5287	PIK3C2B
8289	ARID1A
10190	TXNDC9
11316	COPE
8943	AP3D1
1855	DVL1
8215	DVL1P1
1856	DVL2
1105	CHD1
1106	CHD2
8085	KMT2D
5609	MAP2K7
10423	CDIPT
9141	PDCD5
10419	PRMT5
1111	CHEK1
10915	TCERG1
11128	POLR3A
5688	PSMA7
10067	SCAMP3
571	BACH1
8487	GEMIN2
6002	RGS12
100287932	TIMM23
100652748	TIMM23B
8520	HAT1
9246	UBE2L6
10627	MYL12A
103910	MYL12B
10398	MYL9
6790	AURKA
8934	RAB29
4659	PPP1R12A
2580	GAK
9987	HNRNPDL
7514	XPO1
9044	BTAF1
9639	ARHGEF10
23060	ZNF609
9919	SEC16A
23351	KHNYN
23350	U2SURP
9739	SETD1A
9881	TRANK1
9710	KIAA0355
5198	PFAS
23243	ANKRD28
10095	ARPC1B
10109	ARPC2
9533	POLR1C
10424	PGRMC2
10471	PFDN6
9277	WDR46
55922	NKRF
6836	SURF4
6314	ATXN7
10558	SPTLC1
8473	OGT
5373	PMM2
5496	PPM1G
3636	INPPL1
8664	EIF3D
8667	EIF3H
4931	NVL
10526	IPO8
8417	STX7
84629	TNRC18
10849	CD3EAP
4097	MAFG
7737	RNF113A
7403	KDM6A
1665	DHX15
9675	TTI1
23378	RRP8
26037	SIPA1L1
9128	PRPF4
26227	PHGDH
1783	DYNC1LI2
5709	PSMD3
9061	PAPSS1
9183	ZW10
9092	SART1
23262	PPIP5K2
6885	MAP3K7
9521	EEF1E1
8767	RIPK2
284403	WDR62
10236	HNRNPR
9129	PRPF3
9352	TXNL1
7165	TPD52L2
8672	EIF4G3
10465	PPIH
2037	EPB41L2
8562	DENR
11260	XPOT
10591	DNPH1
10469	TIMM44
5356	PLRG1
6001	RGS10
7756	ZNF207
9184	BUB3
81	ACTN4
27336	HTATSF1
164	AP1G1
9144	SYNGR2
6449	SGTA
2029	ENSA
788	SLC25A20
11051	NUDT21
6801	STRN
9136	RRP9
10270	AKAP8
2542	SLC37A4
3420	IDH3B
10749	KIF1C
5001	ORC5
5885	RAD21
8449	DHX16
9282	MED14
5636	PRPSAP2
8467	SMARCA5
9875	URB1
23094	SIPA1L3
196441	ZFC3H1
9716	AQR
4976	OPA1
9839	ZEB2
8888	MCM3AP
23095	KIF1B
23028	KDM1A
9882	TBC1D4
3992	FADS1
8724	SNX3
10492	SYNCRIP
51362	CDC40
9147	NEMF
2762	GMDS
904	CCNT1
905	CCNT2
1729	DIAPH1
11336	EXOC3
10226	PLIN3
5980	REV3L
10196	PRMT3
23633	KPNA6
3841	KPNA5
1500	CTNND1
9947	MAGEC1
6643	SNX2
8813	DPM1
8615	USO1
63931	MRPS14
10084	PQBP1
1736	DKC1
9669	EIF5B
8721	EDF1
22944	KIN
23476	BRD4
4683	NBN
4286	MITF
863	CBFA2T3
9948	WDR1
9475	ROCK2
23122	CLASP2
8895	CPNE3
9026	HIP1R
23363	OBSL1
9810	RNF40
5253	PHF2
9877	ZC3H11A
23277	CLUH
23317	DNAJC13
9701	PPP6R2
4849	CNOT3
26057	ANKRD17
10049	DNAJB6
79017	GGCT
374291	NDUFS7
3161	HMMR
242	ALOX12B
6902	TBCA
2317	FLNB
9611	NCOR1
1431	CS
9552	SPAG7
55660	PRPF40A
8318	CDC45
64599	GIGYF1
9559	VPS26A
9512	PMPCB
1876	E2F6
11168	PSIP1
10772	SRSF10
10474	TADA3
27097	TAF5L
8815	BANF1
23451	SF3B1
7812	CSDE1
8575	PRKRA
23077	MYCBP2
23464	GCAT
10360	NPM3
10434	LYPLA1
26284	ERAL1
23020	SNRNP200
8481	OFD1
6838	SURF6
27340	UTP20
9631	NUP155
11169	WDHD1
8604	SLC25A12
8666	EIF3G
8669	EIF3J
8906	AP1G2
10269	ZMPSTE24
3417	IDH1
8694	DGAT1
8812	CCNK
8554	PIAS1
9063	PIAS2
10286	BCAS2
22826	DNAJC8
10285	SMNDC1
10211	FLOT1
10539	GLRX3
26156	RSL1D1
10845	CLPX
6731	SRP72
9401	RECQL4
9400	RECQL5
9219	MTA2
26046	LTN1
4642	MYO1D
9878	TOX4
23376	UFL1
11160	ERLIN2
24148	PRPF6
51585	PCF11
285527	FRYL
2744	GLS
23354	HAUS5
161	AP2A2
22995	CEP152
10614	HEXIM1
11102	RPP14
9133	CCNB2
51366	UBR5
57466	SCAF4
9927	MFN2
3954	LETM1
9406	ZRANB2
51747	LUC7L3
24137	KIF4A
11143	KAT7
4705	NDUFA10
10659	CELF2
25796	PGLS
10592	SMC2
11313	LYPLA2
10527	IPO7
10569	SLU7
10421	CD2BP2
10598	AHSA1
5073	PARN
8624	PSMG1
10412	NSA2
2181	ACSL3
25885	POLR1A
5116	PCNT
8089	YEATS4
27107	ZBTB11
4850	CNOT4
10898	CPSF4
23774	BRD1
8924	HERC2
9342	SNAP29
9943	OXSR1
22824	HSPA4L
9991	PTBP3
160	AP2A1
58525	WIZ
9204	ZMYM6
6780	STAU1
9532	BAG2
9448	MAP4K4
9131	AIFM1
9113	LATS1
26995	TRUB2
11319	ECD
53615	MBD3
8940	TOP3B
1209	CLPTM1
10452	TOMM40
8799	PEX11B
10298	PAK4
86	ACTL6A
3939	LDHA
2746	GLUD1
2747	GLUD2
1727	CYB5R3
6647	SOD1
4860	PNP
2806	GOT2
25	ABL1
5230	PGK1
203	AK1
445	ASS1
1475	CSTA
4893	NRAS
3845	KRAS
3493	IGHA1
3050	HBZ
4000	LMNA
2335	FN1
7037	TFRC
847	CAT
5894	RAF1
226	ALDOA
1476	CSTB
4942	OAT
3848	KRT1
10382	TUBB4A
2597	GAPDH
826	CAPNS1
3315	HSPB1
6184	RPN1
6185	RPN2
476	ATP1A1
478	ATP1A3
383	ARG1
347	APOD
217	ALDH2
6279	S100A8
292	SLC25A5
5095	PCCA
5096	PCCB
1965	EIF2S1
6176	RPLP1
6181	RPLP2
6175	RPLP0
220717	RPLP0P6
6741	SSB
5579	PRKCB
5925	RB1
5757	PTMA
983	CDK1
6280	S100A9
1977	EIF4E
2023	ENO1
5836	PYGL
2821	GPI
5423	POLB
4869	NPM1
7170	TPM3
4023	LPL
3945	LDHB
5034	P4HB
1509	CTSD
302	ANXA2
304	ANXA2P2
823	CAPN1
203068	TUBB
5660	PSAP
5216	PFN1
353	APRT
1508	CTSB
3320	HSP90AA1
3183	HNRNPC
4067	LYN
2271	FH
309	ANXA6
6520	SLC3A2
5213	PFKM
3326	HSP90AB1
440	ASNS
5160	PDHA1
6625	SNRNP70
7431	VIM
6218	RPS17
2773	GNAI3
308	ANXA5
3921	RPSA
6626	SNRPA
30	ACAA1
2950	GSTP1
5860	QDPR
3146	HMGB1
10357	HMGB1P1
1738	DLD
3178	HNRNPA1
6627	SNRPA1
142	PARP1
5422	POLA1
230	ALDOC
200933	FBXO45
84528	RHOXF2
727940	RHOXF2B
441519	CT45A3
541466	CT45A1
728911	CT45A2
102723680	CT45A9
102723737	CT45A8
101060211	CT45A7
102723631	CT45A10
441521	CT45A5
541465	CT45A6
3304	HSPA1B
3303	HSPA1A
7307	U2AF1
875	CBS
369	ARAF
1737	DLAT
7295	TXN
1329	COX5B
4137	MAPT
5573	PRKAR1A
2098	ESD
3329	HSPD1
3309	HSPA5
3312	HSPA8
6513	SLC2A1
6515	SLC2A3
144195	SLC2A14
2035	EPB41
7372	UMPS
5162	PDHB
1629	DBT
5834	PYGB
613	BCR
34	ACADM
7150	TOP1
7153	TOP2A
5091	PC
4522	MTHFD1
128	ADH5
26986	PABPC1
5111	PCNA
291	SLC25A4
293	SLC25A6
3615	IMPDH2
7175	TPR
1152	CKB
4635	MYL4
2547	XRCC6
7520	XRCC5
1327	COX4I1
8519	IFITM1
10581	IFITM2
10410	IFITM3
2812	GP1BB
6050	RNH1
1938	EEF2
9601	PDIA4
5033	P4HA1
3936	LCP1
327	APEH
2108	ETFA
5576	PRKAR2A
2963	GTF2F2
81576	CCDC130
4282	MIF
5589	PRKCSH
2224	FDPS
10327	AKR1A1
5315	PKM
7184	HSP90B1
6628	SNRPB
6638	SNRPN
3416	IDE
3191	HNRNPL
3728	JUP
673	BRAF
5880	RAC2
5881	RAC3
7430	EZR
7347	UCHL3
4830	NME1
3096	HIVEP1
6187	RPS2
1832	DSP
2623	GATA1
286	ANK1
1385	CREB1
2720	GLB1
488	ATP2A2
3925	STMN1
8531	YBX3
7572	ZNF24
3310	HSPA6
3159	HMGA1
8834	TMEM11
2805	GOT1
7343	UBTF
3219	HOXB9
5566	PRKACA
5567	PRKACB
5771	PTPN2
1503	CTPS1
1655	DDX5
5211	PFKL
5702	PSMC3
6950	TCP1
5770	PTPN1
2068	ERCC2
6165	RPL35A
378	ARF4
6129	RPL7
7414	VCL
6651	SON
7936	NELFE
6139	RPL17
5223	PGAM1
1104	RCC1
22926	ATF6
3978	LIG1
7515	XRCC1
4691	NCL
3098	HK1
5434	POLR2E
2071	ERCC3
5610	EIF2AK2
7490	WT1
6723	SRM
1459	CSNK2A2
4790	NFKB1
8894	EIF2S2
890	CCNA2
689	BTF3
5868	RAB5A
5870	RAB6A
51560	RAB6B
4437	MSH3
5689	PSMB1
9377	COX5A
4001	LMNB1
984	CDK11B
728642	CDK11A
526	ATP6V1B2
528	ATP6V1C1
2316	FLNA
4763	NF1
6872	TAF1
138474	TAF1L
7416	VDAC1
5007	OSBP
5110	PCMT1
2091	FBL
2618	GART
10606	PAICS
7317	UBA1
4831	NME2
2232	FDXR
3181	HNRNPA2B1
7385	UQCRC2
6917	TCEA1
6421	SFPQ
7283	TUBG1
27175	TUBG2
5479	PPIB
4200	ME2
6188	RPS3
6672	SP100
191	AHCY
1072	CFL1
1975	EIF4B
1841	DTYMK
6240	RRM1
1933	EEF1B2
52	ACP1
38	ACAT1
5430	POLR2A
1017	CDK2
324	APC
4172	MCM3
563	AZGP1
4357	MPST
6206	RPS12
6046	BRD2
7528	YY1
3337	DNAJB1
5682	PSMA1
5684	PSMA3
5685	PSMA4
3675	ITGA3
4478	MSN
1656	DDX6
1786	DNMT1
11338	U2AF2
6137	RPL13
3148	HMGB2
5725	PTBP1
1937	EEF1G
2040	STOM
10971	YWHAQ
6134	RPL10
6117	RPA1
328	APEX1
790	CAD
811	CALR
4134	MAP4
821	CANX
5686	PSMA5
5692	PSMB4
5694	PSMB6
5693	PSMB5
5825	ABCD3
7111	TMOD1
4719	NDUFS1
5424	POLD1
6594	SMARCA1
5594	MAPK1
2073	ERCC5
5933	RBL1
51056	LAP3
2960	GTF2E1
2961	GTF2E2
7174	TPP2
5926	ARID4A
5927	KDM5A
7086	TKT
6317	SERPINB3
5371	PML
1936	EEF1D
10961	ERP29
9588	PRDX6
25824	PRDX5
10935	PRDX3
6136	RPL12
1892	ECHS1
51727	CMPK1
5037	PEBP1
2923	PDIA3
5518	PPP2R1A
996	CDC27
4820	NKTR
4836	NMT1
158	ADSL
5313	PKLR
1992	SERPINB1
219	ALDH1B1
5431	POLR2B
6389	SDHA
4144	MAT2A
5577	PRKAR2B
6241	RRM2
3301	DNAJA1
208	AKT2
7384	UQCRC1
471	ATIC
3189	HNRNPH3
3187	HNRNPH1
23581	CASP14
7529	YWHAB
10963	STIP1
7001	PRDX2
5831	PYCR1
1997	ELF1
2965	GTF2H1
6133	RPL9
3799	KIF5B
1478	CSTF2
1854	DUT
7272	TTK
4173	MCM4
4174	MCM5
4176	MCM7
6472	SHMT2
3308	HSPA4
648	BMI1
5245	PHB
5269	SERPINB6
5984	RFC4
5982	RFC2
5981	RFC1
6146	RPL22
2962	GTF2F1
6697	SPR
3667	IRS1
4627	MYH9
4628	MYH10
9276	COPB2
118	ADD1
682	BSG
2521	FUS
8021	NUP214
7913	DEK
5701	PSMC2
402	ARL2
5605	MAP2K2
6124	RPL4
9361	LONP1
5501	PPP1CC
2794	GNL1
1743	DLST
2766	GMPR
2879	GPX4
6727	SRP14
23636	NUP62
8407	TAGLN2
6888	TALDO1
2109	ETFB
27316	RBMX
672	BRCA1
8161	COIL
523	ATP6V1A
3313	HSPA9
9775	EIF4A3
3508	IGHMBP2
6223	RPS19
6122	RPL3
1650	DDOST
8125	ANP32A
2237	FEN1
1523	CUX1
822	CAPG
200081	TXLNA
908	CCT6A
23521	RPL13A
400	ARL1
4292	MLH1
6774	STAT3
4190	MDH1
4191	MDH2
5985	RFC5
5983	RFC3
3030	HADHA
1968	EIF2S3
1939	EIF2D
8896	BUD31
8260	NAA10
1445	CSK
5584	PRKCI
7112	TMPO
6772	STAT1
6776	STAT5A
2475	MTOR
5297	PI4KA
2060	EPS15
6232	RPS27
4145	MATK
27	ABL2
9931	HELZ
23310	NCAPD3
23029	RBM34
10128	LRPPRC
10449	ACAA2
11224	RPL35
9782	MATR3
4436	MSH2
2870	GRK6
5902	RANBP1
10135	NAMPT
5704	PSMC4
10102	TSFM
7417	VDAC2
23468	CBX5
8078	USP5
4288	MKI67
5255	PHKA1
5905	RANGAP1
5965	RECQL
4839	NOP2
546	ATRX
1399	CRKL
4528	MTIF2
7917	BAG6
4905	NSF
6157	RPL27A
6125	RPL5
6144	RPL21
6158	RPL28
6203	RPS9
6193	RPS5
6204	RPS10
93144	RPS10P5
4131	MAP1B
10007	GNPDA1
8826	IQGAP1
2992	GYG1
3703	STT3A
830	CAPZA2
832	CAPZB
1964	EIF1AX
9086	EIF1AY
6159	RPL29
3963	LGALS7
7386	UQCRFS1
100128525	UQCRFS1P1
5550	PREP
5993	RFX5
5305	PIP4K2A
372	ARCN1
7109	TRAPPC10
5714	PSMD8
7916	PRRC2A
2937	GSS
22948	CCT5
1452	CSNK1A1
1453	CSNK1D
3418	IDH2
23760	PITPNB
65108	MARCKSL1
223	ALDH9A1
6164	RPL34
4678	NASP
2194	FASN
7203	CCT3
7284	TUFM
6726	SRP9
9647	PPM1F
5557	PRIM1
1454	CSNK1E
5691	PSMB3
5690	PSMB2
4171	MCM2
56252	YLPM1
58517	RBM25
1196	CLK2
8892	EIF2B2
3094	HINT1
9972	NUP153
5903	RANBP2
2931	GSK3A
2932	GSK3B
6878	TAF6
8833	GMPS
3980	LIG3
3419	IDH3A
2665	GDI2
5272	SERPINB9
871	SERPINH1
6767	ST13
145165	ST13P4
144106	ST13P5
2077	ERF
1785	DNM2
10988	METAP2
1022	CDK7
9735	KNTC1
1025	CDK9
987	LRBA
5538	PPT1
9045	RPL14
10694	CCT8
10575	CCT4
10914	PAPOLA
8087	FXR1
9513	FXR2
5878	RAB5C
7879	RAB7A
9367	RAB9A
5873	RAB27A
7818	DAP3
1763	DNA2
6595	SMARCA2
6597	SMARCA4
2584	GALK1
6748	SSR4
675	BRCA2
4204	MECP2
3054	HCFC1
3654	IRAK1
3295	HSD17B4
5713	PSMD7
4299	AFF1
3068	HDGF
6787	NEK4
7324	UBE2E1
220988	HNRNPA3
5226	PGD
4670	HNRNPM
3838	KPNA2
3836	KPNA1
22916	NCBP2
396	ARHGDIA
3267	AGFG1
3185	HNRNPF
6773	STAT2
2956	MSH6
3832	KIF11
10181	RBM5
3099	HK2
6182	MRPL12
829	CAPZA1
4928	NUP98
644	BLVRA
6576	SLC25A1
5347	PLK1
47	ACLY
8802	SUCLG1
1315	COPB1
1314	COPA
6525	SMTN
6566	SLC16A1
9798	IST1
9632	SEC24C
10923	SUB1
5428	POLG
1207	CLNS1A
641	BLM
7290	HIRA
5378	PMS1
5395	PMS2
9097	USP14
5571	PRKAG1
483	ATP1B3
5886	RAD23A
5887	RAD23B
204	AK2
5832	ALDH18A1
1983	EIF5
5710	PSMD4
1819	DRG2
1434	CSE1L
7415	VCP
4236	MFAP1
3032	HADHB
3071	NCKAP1L
8028	MLLT10
4302	MLLT6
8178	ELL
7862	BRPF1
4673	NAP1L1
103	ADAR
6396	SEC13
9520	NPEPPS
3188	HNRNPH2
5019	OXCT1
8662	EIF3B
8568	RRP1
9759	HDAC4
3692	EIF6
63977	PRDM15
55161	TMEM33
50628	GEMIN4
79585	CORO7
57122	NUP107
60678	EEFSEC
668	FOXL2
136319	MTPN
10239	AP3S2
353274	ZNF445
10093	ARPC4
7167	TPI1
3646	EIF3E
10952	SEC61B
4637	MYL6
60	ACTB
1973	EIF4A1
6224	RPS20
5687	PSMA6
998	CDC42
4218	RAB8A
51762	RAB8B
5862	RAB2A
10890	RAB10
7323	UBE2D3
7322	UBE2D2
9040	UBE2M
3093	UBE2K
7334	UBE2N
389898	UBE2NL
51552	RAB14
10096	ACTR3
10097	ACTR2
10121	ACTR1A
6059	ABCE1
5908	RAP1B
6189	RPS3A
51121	RPL26L1
6154	RPL26
10197	PSME3
6138	RPL15
6155	RPL27
9114	ATP6V0D1
6168	RPL37A
387	RHOA
3336	HSPE1
29927	SEC61A1
55176	SEC61A2
7411	VBP1
1603	DAD1
22818	COPZ1
6167	RPL37
10238	DCAF7
11091	WDR5
1174	AP1S1
10204	NUTF2
3190	HNRNPK
7532	YWHAG
6201	RPS7
5499	PPP1CA
5500	PPP1CB
5700	PSMC1
5705	PSMC5
6202	RPS8
6210	RPS15A
6217	RPS16
7531	YWHAE
6208	RPS14
6228	RPS23
6222	RPS18
6207	RPS13
6205	RPS11
6635	SNRPE
6636	SNRPF
6632	SNRPD1
6633	SNRPD2
6634	SNRPD3
7114	TMSB4X
382	ARF6
5706	PSMC6
6130	RPL7A
2107	ETF1
6191	RPS4X
6147	RPL23A
6194	RPS6
5861	RAB1A
5901	RAN
9349	RPL23
6209	RPS15
6229	RPS24
6230	RPS25
6231	RPS26
441502	RPS26P11
6234	RPS28
2782	GNB1
9978	RBX1
6156	RPL30
6170	RPL39
553117	RPL39P5
6160	RPL31
4736	RPL10A
6161	RPL32
6135	RPL11
6132	RPL8
5478	PPIA
2280	FKBP1A
6233	RPS27A
7314	UBB
7316	UBC
2885	GRB2
6434	TRA2B
163	AP2B1
7534	YWHAZ
5520	PPP2R2A
7341	SUMO1
8655	DYNLL1
6169	RPL38
6500	SKP1
6227	RPS21
1984	EIF5A
143244	EIF5AL1
7329	UBE2I
4904	YBX1
1460	CSNK2B
7171	TPM4
58	ACTA1
70	ACTC1
72	ACTG2
59	ACTA2
7332	UBE2L3
1915	EEF1A1
158078	EEF1A1P5
10376	TUBA1B
7277	TUBA4A
10383	TUBB4B
3048	HBG2
8603	FAM193A
8602	NOP14
3476	IGBP1
10180	RBM6
1982	EIF4G2
10557	RPP38
10556	RPP30
2969	GTF2I
8396	PIP4K2B
6733	SRPK2
1455	CSNK1G2
53944	CSNK1G1
1456	CSNK1G3
10576	CCT2
23532	PRAME
8480	RAE1
5591	PRKDC
4130	MAP1A
117159	DCD
7110	TMF1
56945	MRPS22
60488	MRPS35
64969	MRPS5
64960	MRPS15
54460	MRPS21
64965	MRPS9
79366	HMGN5
84324	SARNP
6152	RPL24
6173	RPL36A
375	ARF1
377	ARF3
381	ARF5
2079	ERH
391	RHOG
6143	RPL19
6428	SRSF3
221937	FOXK1
55615	PRR5
51622	CCZ1
221960	CCZ1B
8241	RBM10
54205	CYCS
5250	SLC25A3
3069	HDLBP
2959	GTF2B
1021	CDK6
1020	CDK5
5813	PURA
11135	CDC42EP1
1213	CLTC
3297	HSF1
2287	FKBP3
6652	SORD
3192	HNRNPU
6711	SPTBN1
7073	TIAL1
6418	SET
646817	SETSIP
6427	SRSF2
861	RUNX1
2171	FABP5
10487	CAP1
3157	HMGCS1
8140	SLC7A5
1810	DR1
5394	EXOSC10
54726	OTUD4
5214	PFKP
7508	XPC
2130	EWSR1
8227	AKAP17A
6668	SP2
9493	KIF23
1828	DSG1
6142	RPL18A
5604	MAP2K1
2288	FKBP4
6128	RPL6
7155	TOP2B
8402	SLC25A11
4298	MLLT1
4297	KMT2A
1060	CENPC
84823	LMNB2
2074	ERCC6
10153	CEBPZ
5970	RELA
51035	UBXN1
1981	EIF4G1
5588	PRKCQ
2739	GLO1
6742	SSBP1
7533	YWHAH
5782	PTPN12
9295	SRSF11
5580	PRKCD
5781	PTPN11
695	BTK
5471	PPAT
2673	GFPT1
5393	EXOSC9
5720	PSME1
3516	RBPJ
6015	RING1
2332	FMR1
5052	PRDX1
6141	RPL18
708	C1QBP
7082	TJP1
10657	KHDRBS1
5426	POLE
3831	KLC1
6426	SRSF1
7053	TGM3
1660	DHX9
2802	GOLGA3
2801	GOLGA2
1823	DSC1
961	CD47
5481	PPID
6749	SSRP1
23271	CAMSAP2
54888	NSUN2
5928	RBBP4
4686	NCBP1
79026	AHNAK
162	AP1B1
29894	CPSF1
23203	PMPCA
23279	NUP160
10607	TBL3
2975	GTF3C1
7024	TFCP2
11214	AKAP13
6598	SMARCB1
2186	BPTF
991	CDC20
2926	GRSF1
5871	MAP4K2
6433	SFSWAP
1107	CHD3
10946	SF3A3
7158	TP53BP1
9255	AIMP1
3608	ILF2
3609	ILF3
10131	TRAP1
6881	TAF10
5511	PPP1R8
4799	NFX1
7799	PRDM2
29966	STRN3
8881	CDC16
6789	STK4
2314	FLII
80347	COASY
31	ACACA
2873	GPS1
10036	CHAF1A
8208	CHAF1B
3550	IK
5562	PRKAA1
8500	PPFIA1
8893	EIF2B5
23435	TARDBP
10949	HNRNPA0
10549	PRDX4
5062	PAK2
11335	CBX3
5708	PSMD2
1662	DDX10
8683	SRSF9
6430	SRSF5
6431	SRSF6
4085	MAD2L1
10155	TRIM28
10146	G3BP1
6502	SKP2
8761	PABPC4
472	ATM
2887	GRB10
9112	MTA1
8668	EIF3I
23759	PPIL2
6894	TARBP1
7335	UBE2V1
1781	DYNC1I2
4999	ORC2
3611	ILK
10320	IKZF1
23530	NNT
9360	PPIG
6949	TCOF1
10992	SF3B2
11333	PDAP1
2289	FKBP5
4650	MYO9B
4773	NFATC2
7156	TOP3A
8301	PICALM
4580	MTX1
8899	PRPF4B
545	ATR
8737	RIPK1
3065	HDAC1
818	CAMK2G
10540	DCTN2
8883	NAE1
22938	SNW1
10788	IQGAP2
29896	TRA2A
6642	SNX1
11103	KRR1
8897	MTMR3
8454	CUL1
8452	CUL3
8451	CUL4A
7159	TP53BP2
1859	DYRK1A
8563	THOC5
6709	SPTAN1
29889	GNL2
5317	PKP1
7919	DDX39B
728340	GTF2H2C
2966	GTF2H2
2967	GTF2H3
705	BYSL
865	CBFB
8621	CDK13
9793	CKAP5
10063	COX17
3184	HNRNPD
23246	BOP1
9817	KEAP1
9816	URB2
9704	DHX34
23515	MORC3
9667	SAFB2
8661	EIF3A
9898	UBAP2L
23513	SCRIB
9761	MLEC
23170	TTLL12
7486	WRN
9203	ZMYM3
1778	DYNC1H1
4863	NPAT
1967	EIF2B1
1974	EIF4A2
2017	CTTN
2319	FLOT2
7706	TRIM25
2185	PTK2B
2318	FLNC
23770	FKBP8
9130	FAM50A
2483	FRG1
2593	GAMT
4076	CAPRIN1
7884	SLBP
9584	RBM39
6596	HLTF
1659	DHX8
4175	MCM6
3710	ITPR3
9320	TRIP12
9698	PUM1
9656	MDC1
9685	CLINT1
8243	SMC1A
23076	RRP1B
23199	GSE1
22984	PDCD11
9790	BMS1
9100	USP10
23193	GANAB
5528	PPP2R5D
3930	LBR
84733	CBX2
3835	KIF22
4209	MEF2D
1108	CHD4
3927	LASP1
27332	ZNF638
3837	KPNB1
9221	NOLC1
4926	NUMA1
26130	GAPVD1
84986	ARHGAP19
23397	NCAPH
9589	WTAP
9861	PSMD6
9733	SART3
9918	NCAPD2
23512	SUZ12
23016	EXOSC7
9343	EFTUD2
23395	LARS2
23518	R3HDM1
22930	RAB3GAP1
23212	RRS1
10714	POLD3
7458	EIF4H
9928	KIF14
23160	WDR43
8411	EEA1
10130	PDIA6
5050	PAFAH1B3
5163	PDK1
5339	PLEC
5108	PCM1
5464	PPA1
10728	PTGES3
4841	NONO
23475	QPRT
9135	RABEP1
10921	RNPS1
10771	ZMYND11
10489	LRRC41
7270	TTF1
5093	PCBP1
5094	PCBP2
9690	UBE3C
23450	SF3B3
9787	DLGAP5
6195	RPS6KA1
6294	SAFB
10262	SF3B4
10484	SEC23A
10291	SF3A1
6877	TAF5
10499	NCOA2
6895	TARBP2
7536	SF1
9321	TRIP11
9319	TRIP13
5469	MED1
9325	TRIP4
221037	JMJD1C
7205	TRIP6
22919	MAPRE1
1994	ELAVL1
50814	NSDHL
10454	TAB1
6510	SLC1A5
10953	TOMM34
8648	NCOA1
7336	UBE2V2
6813	STXBP2
9230	RAB11B
8766	RAB11A
11047	ADRM1
1874	E2F4
5711	PSMD5
1642	DDB1
11140	CDC37
1808	DPYSL2
6880	TAF9
6432	SRSF7
11052	CPSF6
6606	SMN1
1627	DBN1
6624	FSCN1
1666	DECR1
27338	UBE2S
4704	NDUFA9
5106	PCK2
7360	UGP2
10989	IMMT
348654	GEN1
80315	CPEB4
400506	KNOP1
221092	HNRNPUL2
79848	CSPP1
23244	PDS5A
79832	QSER1
374654	KIF7
54821	ERCC6L
131405	TRIM71
54870	QRICH1
168850	ZNF800
143884	CWF19L2
348180	CTU2
9208	LRRFIP1
57570	TRMT5
221830	TWISTNB
55700	MAP7D1
124801	LSM12
54856	GON4L
55704	CCDC88A
55684	RABL6
92609	TIMM50
84656	GLYR1
51574	LARP7
26000	TBC1D10B
9924	PAN2
283742	FAM98B
26122	EPC2
27250	PDCD4
200186	CRTC2
51144	HSD17B12
2733	GLE1
10713	USP39
55750	AGK
25972	UNC50
55143	CDCA8
79675	FASTKD1
157570	ESCO2
255967	PAN3
4957	ODF2
284695	ZNF326
64434	NOM1
84083	ZRANB3
63035	BCORL1
55291	PPP6R3
124454	EARS2
375056	MIA3
139818	DOCK11
84726	PRRC2B
23223	RRP12
26092	TOR1AIP1
57505	AARS2
55795	PCID2
2778	GNAS
55095	SAMD4B
30836	DNTTIP2
23511	NUP188
50809	HP1BP3
79830	ZMYM1
9859	CEP170
79707	NOL9
57038	RARS2
23307	FKBP15
23091	ZC3H13
54865	GPATCH4
55791	LRIF1
23352	UBR4
134957	STXBP5
57584	ARHGAP21
157922	CAMSAP1
55833	UBAP2
84267	C9orf64
448834	KPRP
284611	FAM102B
64062	RBM26
83858	ATAD3B
9724	UTP14C
149041	RC3H1
9473	THEMIS2
27245	AHDC1
253143	PRR14L
55183	RIF1
9857	CEP350
8476	CDC42BPA
23248	RPRD2
8328	GFI1B
55119	PRPF38B
56254	RNF20
24149	ZNF318
221061	FAM171A1
114803	MYSM1
83860	TAF3
54665	RSBN1
127018	LYPLAL1
128710	SLX4IP
55667	DENND4C
9202	ZMYM4
63891	RNF123
79664	ICE2
55132	LARP1B
55201	MAP1S
51329	ARL6IP4
196528	ARID2
79441	HAUS3
144108	SPTY2D1
339287	MSL1
131544	CRYBG3
65123	INTS3
157313	CDCA2
55280	CWF19L1
9849	ZNF518A
63897	HEATR6
80014	WWC2
54887	UHRF1BP1
25923	ATL3
285855	RPL7L1
9922	IQSEC1
57019	CIAPIN1
80145	THOC7
11344	TWF2
163859	SDE2
92241	RCSD1
25836	NIPBL
132660	LIN54
79899	PRR5L
54790	TET2
29957	SLC25A24
60561	RINT1
170954	PPP1R18
55596	ZCCHC8
285367	RPUSD3
55320	MIS18BP1
23139	MAST2
90957	DHX57
79577	CDC73
150864	FAM117B
64928	MRPL14
54862	CC2D1A
55798	METTL2B
6873	TAF2
23644	EDC4
64793	CEP85
10594	PRPF8
55681	SCYL2
55622	TTC27
119559	SFXN4
9824	ARHGAP11A
4798	NFRKB
54890	ALKBH5
80789	INTS5
222194	RSBN1L
9646	CTR9
51244	CCDC174
79882	ZC3H14
339230	CCDC137
23367	LARP1
29028	ATAD2
253260	RICTOR
90378	SAMD1
6604	SMARCD3
25902	MTHFD1L
29123	ANKRD11
81608	FIP1L1
64784	CRTC3
23373	CRTC1
90678	LRSAM1
374897	SBSN
10283	CWC27
139322	APOOL
54880	BCOR
23164	MPRIP
80223	RAB11FIP1
26058	GIGYF2
84263	HSDL2
388503	C3P1
84206	MEX3B
389421	LIN28B
56905	C15orf39
10847	SRCAP
286077	FAM83H
126432	RINL
254048	UBN2
55785	FGD6
22976	PAXIP1
54832	VPS13C
9736	USP34
201294	UNC13D
79682	CENPU
113251	LARP4
79872	CBLL1
55035	NOL8
55252	ASXL2
27044	SND1
2011	MARK2
9879	DDX46
54931	TRMT10C
9689	BZW1
22907	DHX30
56257	MEPCE
65117	RSRC2
23191	CYFIP1
55388	MCM10
79930	DOK3
57551	TAOK1
60493	FASTKD5
51780	KDM3B
54840	APTX
81627	TRMT1L
56829	ZC3HAV1
219927	MRPL21
23064	SETX
79065	ATG9A
23126	POGZ
9765	ZFYVE16
23041	MON2
10260	DENND4A
79784	MYH14
57532	NUFIP2
57506	MAVS
23332	CLASP1
54505	DHX29
54801	HAUS6
55027	HEATR3
56946	EMSY
10743	RAI1
27291	R3HCC1L
222658	KCTD20
5930	RBBP6
134553	C5orf24
10075	HUWE1
253943	YTHDF3
219988	PATL1
161424	NOP9
8106	PABPN1
56339	METTL3
55193	PBRM1
92140	MTDH
90850	ZNF598
3895	KTN1
23293	SMG6
23187	PHLDB1
84196	USP48
55728	N4BP2
79829	NAA40
7798	LUZP1
10189	ALYREF
124245	ZC3H18
55832	CAND1
85453	TSPYL5
79228	THOC6
51530	ZC3HC1
9557	CHD1L
65056	GPBP1
91582	RPS19BP1
54892	NCAPG2
399664	MEX3D
11325	DDX42
65244	SPATS2
7444	VRK2
54919	DNAAF5
54815	GATAD2A
57534	MIB1
167227	DCP2
84700	MYO18B
129831	RBM45
126003	TRAPPC5
55863	TMEM126B
64925	CCDC71
51231	VRK3
115677	NOSTRIN
8844	KSR1
10620	ARID3B
79598	CEP97
84128	WDR75
23269	MGA
29066	ZC3H7A
84295	PHF6
94134	ARHGAP12
10523	CHERP
54882	ANKHD1
57794	SUGP1
10147	SUGP2
55749	CCAR1
79665	DHX40
221150	SKA3
89941	RHOT2
1912	PHC2
55425	GPALPP1
389677	RBM12B
54733	SLC35F2
23137	SMC5
57647	DHX37
125950	RAVER1
117246	FTSJ3
84464	SLX4
10250	SRRM1
6832	SUPV3L1
165918	RNF168
65979	PHACTR4
27037	TRMT2A
79932	KIAA0319L
196513	DCP1B
54464	XRN1
27043	PELP1
259266	ASPM
154807	VKORC1L1
152185	SPICE1
57521	RPTOR
57805	CCAR2
91942	NDUFAF2
147912	SIX5
6293	VPS52
9688	NUP93
57592	ZNF687
57455	REXO1
23070	CMTR1
57470	LRRC47
26173	INTS1
55109	AGGF1
54531	MIER2
10973	ASCC3
10735	STAG2
23360	FNBP4
84186	ZCCHC7
60558	GUF1
55239	OGFOD1
55133	SRBD1
257397	TAB3
79576	NKAP
91647	ATPAF2
84524	ZC3H8
9921	RNF10
79869	CPSF7
84364	ARFGAP2
200185	KRTCAP2
148423	C1orf52
54623	PAF1
317781	DDX51
253635	GPATCH11
126526	C19orf47
285672	SREK1IP1
65095	KRI1
168455	CCDC71L
84950	PRPF38A
166378	SPATA5
337867	UBAC2
51170	HSD17B11
81567	TXNDC5
26135	SERBP1
25940	FAM98A
55355	HJURP
84901	NFATC2IP
254225	RNF169
257160	RNF214
26065	LSM14A
55609	ZNF280C
128061	C1orf131
23301	EHBP1
29890	RBM15B
27327	TNRC6A
23550	PSD4
23	ABCF1
90550	MCU
153443	SRFBP1
25983	NGDN
79648	MCPH1
55578	SUPT20H
23086	EXPH5
89796	NAV1
51535	PPHLN1
58508	KMT2C
26263	FBXO22
81704	DOCK8
84307	ZNF397
259282	BOD1L1
57492	ARID1B
80308	FLAD1
348995	NUP43
129401	NUP35
163590	TOR1AIP2
55907	CMAS
64225	ATL2
84678	KDM2B
57696	DDX55
23424	TDRD7
135112	NCOA7
57187	THOC2
134430	WDR36
81930	KIF18A
6100	RP9
79753	SNIP1
57599	WDR48
54536	EXOC6
6601	SMARCC2
55666	NPLOC4
347734	SLC35B2
23369	PUM2
55972	SLC25A40
79837	PIP4K2C
64786	TBC1D15
51109	RDH11
201595	STT3B
87178	PNPT1
81502	HM13
7840	ALMS1
23299	BICD2
91754	NEK9
84181	CHD6
79039	DDX54
55299	BRIX1
84135	UTP15
57706	DENND1A
84444	DOT1L
23225	NUP210
55125	CEP192
25929	GEMIN5
51735	RAPGEF6
56288	PARD3
79711	IPO4
115752	DIS3L
64318	NOC3L
64744	SMAP2
55854	ZC3H15
85313	PPIL4
55274	PHF10
84932	RAB2B
151903	CCDC12
10848	PPP1R13L
90488	TMEM263
51564	HDAC7
114971	PTPMT1
55746	NUP133
10015	PDCD6IP
58509	CACTIN
51337	THEM6
57106	NAT14
9274	BCL7C
90933	TRIM41
63922	CHTF18
134492	NUDCD2
51106	TFB1M
23256	SCFD1
92906	HNRNPLL
134510	UBLCP1
57092	PCNP
121355	GTSF1
26586	CKAP2
11273	ATXN2L
55023	PHIP
26121	PRPF31
140890	SREK1
79833	GEMIN6
55269	PSPC1
8567	MADD
57459	GATAD2B
23234	DNAJC9
56987	BBX
51078	THAP4
54434	SSH1
25909	AHCTF1
54487	DGCR8
1653	DDX1
8729	GBF1
9887	SMG7
23168	RTF1
11073	TOPBP1
23107	MRPS27
8314	BAP1
23142	DCUN1D4
1176	AP3S1
7248	TSC1
23469	PHF3
9794	MAML1
10808	HSPH1
1794	DOCK2
9779	TBC1D5
9640	ZNF592
399687	MYO18A
23185	LARP4B
9785	DHX38
23165	NUP205
23294	ANKS1A
8439	NSMAF
10240	MRPS31
8165	AKAP1
10541	ANP32B
5546	PRCC
10342	TFG
2968	GTF2H4
6239	RREB1
3066	HDAC2
5977	DPF2
8189	SYMPK
8148	TAF15
2125	EVPL
10521	DDX17
10111	RAD50
10658	CELF1
9138	ARHGEF1
2072	ERCC4
5976	UPF1
10987	COPS5
27238	GPKOW
6599	SMARCC1
6603	SMARCD2
8570	KHSRP
2639	GCDH
3842	TNPO1
9181	ARHGEF2
10978	CLP1
11146	GLMN
10524	KAT5
1857	DVL3
8239	USP9X
7874	USP7
8065	CUL5
9728	SECISBP2L
9797	TATDN2
5257	PHKB
6605	SMARCE1
387032	ZKSCAN4
6166	RPL36AL
83746	L3MBTL2
90441	ZNF622
84340	GFM2
56926	NCLN
9238	TBRG4
57003	CCDC47
60412	EXOC4
55110	MAGOHB
91869	RFT1
8880	FUBP1
55379	LRRC59
146956	EME1
23331	TTC28
11340	EXOSC8
126299	ZNF428
51317	PHF21A
54984	PINX1
127829	ARL8A
117143	TADA1
132001	TAMM41
221504	ZBTB9
84908	FAM136A
79180	EFHD2
130589	GALM
94121	SYTL4
29920	PYCR2
64897	C12orf43
26472	PPP1R14B
57117	INTS12
387338	NSUN4
114984	FLYWCH2
23197	FAF2
55572	FOXRED1
1173	AP2M1
10426	TUBGCP3
51068	NMD3
134147	CMBL
124540	MSI2
9410	SNRNP40
64978	MRPL38
54908	SPDL1
26610	ELP4
23411	SIRT1
116540	MRPL53
26528	DAZAP1
155435	RBM33
9093	DNAJA3
55319	TMA16
55037	PTCD3
80153	EDC3
113130	CDCA5
140735	DYNLL2
112840	WDR89
9984	THOC1
55611	OTUB1
56941	HMCES
55276	PGM2
56931	DUS3L
84946	LTV1
51642	MRPL48
57026	PDXP
22955	SCMH1
9212	AURKB
6602	SMARCD1
114034	TOE1
55661	DDX27
552889	ATXN7L3B
84930	MASTL
80179	MYO19
4796	TONSL
10611	PDLIM5
205564	SENP5
192111	PGAM5
92105	INTS4
8939	FUBP3
84991	RBM17
79731	NARS2
8801	SUCLG2
84859	LRCH3
29926	GMPPA
55768	NGLY1
84321	THOC3
23119	HIC2
80124	VCPIP1
283489	CHAMP1
84456	L3MBTL3
80829	ZFP91
79939	SLC35E1
79759	ZNF668
55031	USP47
55872	PBK
57410	SCYL1
57473	ZNF512B
55770	EXOC2
55748	CNDP2
10919	EHMT2
51663	ZFR
64324	NSD1
57634	EP400
81609	SNX27
80173	IFT74
55599	RNPC3
80028	FBXL18
84450	ZNF512
91746	YTHDC1
124808	CCDC43
79143	MBOAT7
85440	DOCK7
80198	MUS81
55695	NSUN5
55197	RPRD1A
89777	SERPINB12
55705	IPO9
4253	MIA2
10432	RBM14
25946	ZNF385A
9444	QKI
114823	LENG8
54540	FAM193B
4750	NEK1
54517	PUS7
83696	TRAPPC9
51095	TRNT1
23049	SMG1
284110	GSDMA
5514	PPP1R10
84248	FYTTD1
79915	ATAD5
55737	VPS35
5814	PURB
54822	TRPM7
23214	XPO6
10615	SPAG5
51720	UIMC1
85476	GFM1
56922	MCCC1
96764	TGS1
84955	NUDCD1
85378	TUBGCP6
26750	RPS6KC1
112858	TP53RK
56897	WRNIP1
10048	RANBP9
23155	CLCC1
81669	CCNL2
84687	PPP1R9B
6732	SRPK1
79677	SMC6
55342	STRBP
84928	TMEM209
55755	CDK5RAP2
55677	IWS1
25942	SIN3A
79048	SECISBP2
51773	RSF1
64783	RBM15
80230	RUFY1
23013	SPEN
64210	MMS19
29128	UHRF1
1265	CNN2
7095	SEC62
988	CDC5L
5707	PSMD1
6045	RNF2
11315	PARK7
2140	EYA3
10493	VAT1
10200	MPHOSPH6
54737	MPHOSPH8
10198	MPHOSPH9
4927	NUP88
8502	PKP4
30849	PIK3R4
10940	POP1
9169	SCAF11
7257	TSNAX
8663	EIF3C
728689	EIF3CL
7266	DNAJC7
11331	PHB2
11004	KIF2C
6311	ATXN2
4548	MTR
3028	HSD17B10
3182	HNRNPAB
4676	NAP1L4
8774	NAPG
50	ACO2
10574	CCT7
10969	EBNA1BP2
1820	ARID3A
55559	HAUS7
3276	PRMT1
573	BAG1
6048	RNF5
5318	PKP2
6455	SH3GL1
7443	VRK1
10142	AKAP9
64151	NCAPG
79109	MAPKAP1
83759	RBM4B
79009	DDX50
60528	ELAC2
83743	GRWD1
84319	CMSS1
79084	WDR77
79001	VKORC1
84790	TUBA1C
57337	SENP7
10514	MYBBP1A
92667	MGME1
79443	FYCO1
89874	SLC25A21
84318	CCDC77
84817	TXNDC17
84811	BUD13
84310	C7orf50
10929	SRSF8
55094	GPATCH1
83732	RIOK1
84298	LLPH
84294	UTP23
53918	PELO
23071	ERP44
79954	NOL10
84280	BTBD10
10844	TUBGCP2
55028	C17orf80
23344	ESYT1
93323	HAUS8
84262	PSMG3
51322	WAC
11083	DIDO1
57504	MTA3
79171	RBM42
79892	MCMBP
80755	AARSD1
55706	NDC1
91289	LMF2
84617	TUBB6
10623	POLR3C
11100	HNRNPUL1
79142	PHF23
79139	DERL1
9416	DDX23
9618	TRAF4
84245	MRI1
57418	WDR18
347733	TUBB2B
51260	PBDC1
81490	PTDSS2
79050	NOC4L
10813	UTP14A
79053	ALG8
10430	TMEM147
26354	GNL3
79029	SPATA5L1
55781	RIOK2
3833	KIFC1
79902	NUP85
64834	ELOVL1
80222	TARS2
39	ACAT2
29803	REPIN1
10293	TRAIP
5936	RBM4
26015	RPAP1
64895	PAPOLG
22950	SLC4A1AP
149986	LSM14B
83990	BRIP1
10580	SORBS1
80155	NAA15
55363	HEMGN
84433	CARD11
51593	SRRT
81890	QTRT1
8907	AP1M1
51203	NUSAP1
2177	FANCD2
84549	MAK16
3704	ITPA
83939	EIF2A
84271	POLDIP3
54584	GNB1L
51073	MRPL4
84365	NIFK
54915	YTHDF1
29072	SETD2
23348	DOCK9
51253	MRPL37
23560	GTPBP4
114882	OSBPL8
114880	OSBPL6
65109	UPF3B
51340	CRNKL1
79718	TBL1XR1
7371	UCK2
8539	API5
85456	TNKS1BP1
63893	UBE2O
85459	CEP295
79699	ZYG11B
85460	ZNF518B
55339	WDR33
55759	WDR12
26054	SENP6
57109	REXO4
57062	DDX24
64425	POLR1E
81892	SLIRP
54583	EGLN1
79876	UBA5
84233	TMEM126A
10605	PAIP1
81570	CLPB
55226	NAT10
64837	KLC2
80895	ILKAP
22803	XRN2
79595	SAP130
84081	NSRP1
29127	RACGAP1
64761	PARP12
23235	SIK2
83448	PUS7L
23283	CSTF2T
51202	DDX47
81876	RAB1B
441400	RAB1C
56006	SMG9
64412	GZF1
81030	ZBP1
64682	ANAPC1
64710	NUCKS1
63971	KIF13A
64145	RBSN
30844	EHD4
64601	VPS16
81034	SLC25A32
80314	EPC1
9748	SLK
51347	TAOK3
25782	RAB3GAP2
23394	ADNP
170506	DHX36
27068	PPA2
83985	SPNS1
64397	ZNF106
5411	PNN
552900	BOLA2
81542	TMX1
7469	NELFA
64746	ACBD3
23580	CDC42EP4
25930	PTPN23
55898	UNC45A
79980	DSN1
128866	CHMP4B
65125	WNK1
6051	RNPEP
26168	SENP3
26031	OSBPL3
56916	SMARCAD1
10938	EHD1
63925	ZNF335
51575	ESF1
84146	ZNF644
55127	HEATR1
64216	TFB2M
63932	CXorf56
54930	HAUS4
79080	CCDC86
56919	DHX33
65083	NOL6
64848	YTHDC2
79657	RPAP3
54828	BCAS3
54853	WDR55
8498	RANBP3
79834	PEAK1
84154	RPF2
80232	WDR26
81550	TDRD3
65265	C8orf33
58506	SCAF1
55051	NRDE2
84148	KAT8
28976	ACAD9
64943	NT5DC2
79886	CAAP1
25926	NOL11
64794	DDX31
65980	BRD9
1894	ECT2
55139	ANKZF1
79968	WDR76
93973	ACTR8
25904	CNOT10
55631	LRRC40
79813	EHMT1
94081	SFXN1
192669	AGO3
84132	USP42
81875	ISG20L2
84172	POLR1B
64319	FBRS
22877	MLXIP
54477	PLEKHA5
26019	UPF2
57510	XPO5
63967	CLSPN
3431	SP110
27101	CACYBP
54542	RC3H2
29780	PARVB
51616	TAF9B
55858	TMEM165
60386	SLC25A19
27436	EML4
51031	GLOD4
60313	GPBP1L1
57332	CBX8
64087	MCCC2
57727	NCOA5
26115	TANC2
4343	MOV10
57703	CWC22
57701	NCKAP5L
55167	MSL2
57690	TNRC6C
57680	CHD8
23753	SDF2L1
56949	XAB2
57130	ATP13A1
56889	TM9SF3
11180	WDR6
51538	ZCCHC17
22931	RAB18
51534	VTA1
54938	SARS2
10884	MRPS30
55505	NOP10
55644	OSGEP
29855	UBN1
51477	ISYNA1
29117	BRD7
55802	DCP1A
55692	LUC7L
64976	MRPL40
56342	PPAN
57142	RTN4
58490	RPRD1B
3619	INCENP
56915	EXOSC5
51010	EXOSC3
23303	KIF13B
54443	ANLN
7511	XPNPEP1
57050	UTP3
57448	BIRC6
9188	DDX21
56681	SAR1A
54187	NANS
55870	ASH1L
8891	EIF2B3
4154	MBNL1
56478	EIF4ENIF1
51332	SPTBN5
54107	POLE3
54108	CHRAC1
8086	AAAS
23456	ABCB10
11177	BAZ1A
29888	STRN4
29102	DROSHA
11311	VPS45
56902	PNO1
29085	PHPT1
10827	FAM114A2
3070	HELLS
56993	TOMM22
10056	FARSB
55699	IARS2
85395	FAM207A
54014	BRWD1
64092	SAMSN1
89953	KLC4
79019	CENPM
81624	DIAPH3
55589	BMP2K
23047	PDS5B
10051	SMC4
22908	SACM1L
29789	OLA1
55862	ECHDC1
10137	RBM12
23195	MDN1
85364	ZCCHC3
27067	STAU2
55794	DDX28
55326	AGPAT5
55787	TXLNG
55324	ABCF3
51571	FAM49B
55308	DDX19A
25879	DCAF13
55763	EXOC1
55756	INTS9
9440	MED17
55735	DNAJC11
25896	INTS7
55215	FANCI
55210	ATAD3A
54496	PRMT7
54552	GNL3L
8886	DDX18
55153	SDAD1
55149	MTPAP
55142	HAUS2
55707	NECAP2
55703	POLR3B
55131	RBM28
55129	ANO10
55696	RBM22
55105	GPATCH2
55100	WDR70
55082	ARGLU1
79811	SLTM
55005	RMND1
55003	PAK1IP1
54998	AURKAIP1
54995	OXSM
29086	BABAM1
55655	NLRP2
54954	FAM120C
54948	MRPL16
55651	NHP2
54940	OCIAD1
54936	ADPRHL2
55646	LYAR
54927	CHCHD3
54918	CMTM6
55627	SMPD4
54883	CWC25
54881	TEX10
55623	THUMPD1
54850	FBXL12
254394	MCM9
54556	ING3
55602	CDKN2AIP
10072	DPP3
26574	AATF
54606	DDX56
9774	BCLAF1
55813	UTP6
29766	TMOD3
60481	ELOVL5
51755	CDK12
22868	FASTKD2
51512	GTSE1
9524	TECR
51752	ERAP1
51759	C9orf78
23196	FAM120A
50485	SMARCAL1
10642	IGF2BP1
11163	NUDT4
23365	ARHGEF12
4848	CNOT2
51806	CALML5
51503	CWC15
29087	THYN1
29078	NDUFAF4
51495	HACD3
26064	RAI14
9218	VAPA
29843	SENP1
30827	CXXC1
57648	KIAA1522
57623	ZFAT
57620	STIM2
55920	RCC2
57609	DIP2B
57606	SLAIN2
57602	USP36
56647	BCCIP
25998	IBTK
55636	CHD7
6238	RRBP1
53981	CPSF2
55758	RCOR3
57533	TBC1D14
57530	CGN
54439	RBM27
55683	KANSL3
8803	SUCLA2
25814	ATXN10
8932	MBD2
24144	TFIP11
58513	EPS15L1
23595	ORC3
10055	SAE1
26958	COPG2
9070	ASH2L
1717	DHCR7
6683	SPAST
27335	EIF3K
9380	GRHPR
10054	UBA2
10482	NXF1
1468	SLC25A10
51455	REV1
9414	TJP2
10428	CFDP1
23361	ZNF629
1616	DAXX
222229	LRWD1
23761	PISD
10061	ABCF2
8994	LIMD1
11231	SEC63
23264	ZC3H7B
6942	TCF20
10042	HMGXB4
9582	APOBEC3B
27125	AFF4
6730	SRP68
26973	CHORDC1
29110	TBK1
7227	TRPS1
11218	DDX20
26747	NUFIP1
55971	BAIAP2L1
29115	SAP30BP
5202	PFDN2
22827	PUF60
8890	EIF2B4
51606	ATP6V1H
51194	IPO11
23039	XPO7
738	VPS51
29994	BAZ2B
11176	BAZ2A
9031	BAZ1B
10165	SLC25A13
28988	DBNL
51428	DDX41
8697	CDC23
30968	STOML2
51163	DBR1
11215	AKAP11
26205	GMEB2
51154	MRTO4
23043	TNIK
51692	CPSF3
23131	GPATCH8
11164	NUDT5
23186	RCOR1
9994	CASP8AP2
22913	RALY
9329	GTF3C4
22806	IKZF3
22985	ACIN1
27161	AGO2
10762	NUP50
11244	ZHX1
55573	CDV3
26512	INTS6
26523	AGO1
23011	RAB21
23567	ZNF346
5721	PSME2
9344	TAOK2
54617	INO80
57498	KIDINS220
54454	ATAD2B
49854	ZBTB21
9439	MED23
55689	YEATS2
23613	ZMYND8
25792	CIZ1
23603	CORO1C
22974	TPX2
29777	ABT1
28987	NOB1
26993	AKAP8L
29108	PYCARD
4646	MYO6
27339	PRPF19
51406	NOL7
11276	SYNRG
27183	VPS4A
9908	G3BP2
10916	MAGED2
6747	SSR3
5719	PSMD13
11124	FAF1
27292	DIMT1
10885	WDR3
8458	TTF2
55968	NSFL1C
23499	MACF1
22994	CEP131
22828	SCAF8
22870	PPP6R1
51592	TRIM33
23133	PHF8
23112	TNRC6B
23381	SMG5
23067	SETD1B
23358	USP24
23287	AGTPBP1
23314	SATB2
23405	DICER1
23524	SRRM2
5036	PA2G4
9156	EXO1
10458	BAIAP2
9846	GAB2
9126	SMC3
10014	HDAC5
7707	ZNF148
10856	RUVBL2
9425	CDYL
51386	EIF3L
9373	PLAA
8607	RUVBL1
10726	NUDC
7419	VDAC3
2193	FARSA
25842	ASF1A
4733	DRG1
10330	CNPY2
117178	SSX2IP
23379	ICE1
23341	DNAJC16
23387	SIK3
22864	R3HDM2
22992	KDM2A
22894	DIS3
373156	GSTK1
11056	DDX52
26985	AP3M1
23592	LEMD3
9967	THRAP3
51729	WBP11
10025	MED16
51602	NOP58
28964	GIT1
23528	ZNF281
10910	SUGT1
25821	MTO1
51067	YARS2
23597	ACOT9
51070	NOSIP
57819	LSM2
51719	CAB39
51631	LUC7L2
51634	RBMX2
51116	MRPS2
27341	RRP7A
51119	SBDS
51639	SF3B6
65003	MRPL11
51018	RRP15
51491	NOP16
51645	PPIL1
102157402	AK6
51649	MRPS23
11171	STRAP
51493	RTCB
57826	RAP2C
26155	NOC2L
25873	RPL36
26093	CCDC9
25939	SAMHD1
26017	FAM32A
25966	C2CD2
11187	PKP3
10767	HBS1L
6297	SALL2
22823	MTF2
7094	TLN1
8295	TRRAP
9904	RBM19
283450	HECTD4
26036	ZNF451
9958	USP15
9693	RAPGEF2
8660	IRS2
10525	HYOU1
9894	TELO2
81887	LAS1L
10939	AFG3L2
25804	LSM4
23215	PRRC2C
51400	PPME1
51441	YTHDF2
94104	PAXBP1
11198	SUPT16H
51096	UTP18
51377	UCHL5
23607	CD2AP
23534	TNPO3
26517	TIMM13
58477	SRPRB
9328	GTF3C5
9330	GTF3C3
9939	RBM8A
10600	USP16
51429	SNX9
10101	NUBP2
80324	PUS1
29109	FHOD1
9612	NCOR2
10166	SLC25A15
25788	RAD54B
29880	ALG5
28973	MRPS18B
22820	COPG1
550	AUP1
29105	CFAP20
23788	MTCH2
10565	ARFGEF1
8428	STK24
28969	BZW2
51143	DYNC1LI1
23523	CABIN1
10629	TAF6L
10390	CEPT1
1788	DNMT3A
10644	IGF2BP2
9497	SLC4A7
8202	NCOA3
4216	MAP3K4
54555	DDX49
22880	MORC2
